订单号,下单日期,商品ID,商品名称,类目,销售渠道,城市,单价,数量,实付金额,成本,支付方式
SO20250000,2025-04-02,P0011,保湿面霜,美妆个护,抖音小店,重庆,99.72,4,358.99,293.64,银行卡
SO20250001,2025-04-07,P0002,智能手表,数码家电,天猫旗舰店,苏州,589.19,5,2651.36,86.25,银行卡
SO20250002,2025-02-19,P0021,记忆枕,家居生活,天猫旗舰店,北京,502.45,3,1507.35,731.07,微信支付
SO20250003,2025-01-26,P0025,收纳箱,家居生活,拼多多,杭州,245.72,1,233.43,287.59,花呗
SO20250004,2025-04-01,P0021,记忆枕,家居生活,京东自营,杭州,670.61,2,1341.22,487.38,支付宝
SO20250005,2025-02-11,P0020,零食大礼包,食品生鲜,拼多多,武汉,515.28,5,2447.58,59.4,银行卡
SO20250006,2025-01-15,P0021,记忆枕,家居生活,京东自营,北京,556.77,2,1113.54,487.38,银行卡
SO20250007,2025-03-22,P0013,电动牙刷,美妆个护,京东自营,南京,228.84,2,457.68,35.4,花呗
SO20250008,2025-03-05,P0021,记忆枕,家居生活,线下门店,苏州,377.9,3,1077.01,731.07,银行卡
SO20250009,2025-04-03,P0024,四件套,家居生活,京东自营,广州,475.98,5,2022.91,275.45,花呗
SO20250010,2025-06-10,P0003,便携充电宝,数码家电,京东自营,武汉,609.51,1,579.03,89.76,支付宝
SO20250011,2025-03-06,P0013,电动牙刷,美妆个护,线下门店,北京,317.66,4,1270.64,70.8,支付宝
SO20250012,2025-01-29,P0022,保温杯,家居生活,抖音小店,武汉,710.13,3,2130.39,637.38,微信支付
SO20250013,2025-02-15,P0015,面膜,美妆个护,线下门店,上海,22.53,3,67.59,595.41,银行卡
SO20250014,2025-04-06,P0021,记忆枕,家居生活,京东自营,苏州,415.98,2,790.36,487.38,支付宝
SO20250015,2025-04-03,P0020,零食大礼包,食品生鲜,抖音小店,深圳,272.84,1,245.56,11.88,支付宝
SO20250016,2025-05-05,P0008,双肩背包,服饰鞋包,天猫旗舰店,苏州,704.85,1,634.37,35.21,微信支付
SO20250017,2025-03-09,P0005,机械键盘,数码家电,线下门店,重庆,534.61,5,2539.4,1117.9,花呗
SO20250018,2025-04-13,P0007,休闲运动鞋,服饰鞋包,抖音小店,南京,744.55,2,1489.1,537.46,花呗
SO20250019,2025-01-06,P0004,4K 显示器,数码家电,线下门店,苏州,213.37,1,213.37,74.73,微信支付
SO20250020,2025-02-28,P0019,水果拼盘,食品生鲜,天猫旗舰店,北京,191.77,1,172.59,244.73,银行卡
SO20250021,2025-02-24,P0003,便携充电宝,数码家电,线下门店,广州,421.04,3,1073.65,269.28,花呗
SO20250022,2025-01-25,P0008,双肩背包,服饰鞋包,天猫旗舰店,武汉,632.0,4,2401.6,140.84,银行卡
SO20250023,2025-01-16,P0014,洗发水,美妆个护,拼多多,成都,340.66,1,306.59,67.66,支付宝
SO20250024,2025-02-05,P0008,双肩背包,服饰鞋包,拼多多,广州,169.44,5,720.12,176.05,银行卡
SO20250025,2025-05-21,P0015,面膜,美妆个护,天猫旗舰店,北京,214.85,1,182.62,198.47,支付宝
SO20250026,2025-04-15,P0003,便携充电宝,数码家电,拼多多,南京,742.57,2,1410.88,179.52,微信支付
SO20250027,2025-01-01,P0013,电动牙刷,美妆个护,拼多多,杭州,723.91,2,1230.65,35.4,花呗
SO20250028,2025-02-09,P0010,羽绒服,服饰鞋包,京东自营,杭州,349.95,5,1487.29,93.2,微信支付
SO20250029,2025-03-22,P0002,智能手表,数码家电,天猫旗舰店,北京,471.76,5,2122.92,86.25,花呗
SO20250030,2025-01-15,P0017,咖啡豆,食品生鲜,线下门店,上海,737.12,5,3501.32,369.65,微信支付
SO20250031,2025-01-31,P0003,便携充电宝,数码家电,线下门店,深圳,484.13,2,823.02,179.52,支付宝
SO20250032,2025-05-14,P0020,零食大礼包,食品生鲜,抖音小店,杭州,83.95,5,419.75,59.4,微信支付
SO20250033,2025-04-12,P0022,保温杯,家居生活,京东自营,杭州,578.63,2,1157.26,424.92,花呗
SO20250034,2025-04-28,P0011,保湿面霜,美妆个护,线下门店,重庆,744.63,1,670.17,73.41,支付宝
SO20250035,2025-02-03,P0003,便携充电宝,数码家电,抖音小店,上海,439.35,5,2196.75,448.8,微信支付
SO20250036,2025-06-30,P0012,防晒霜,美妆个护,抖音小店,重庆,242.29,4,969.16,626.2,支付宝
SO20250037,2025-02-04,P0022,保温杯,家居生活,抖音小店,上海,657.34,3,1774.82,637.38,支付宝
SO20250038,2025-06-04,P0024,四件套,家居生活,京东自营,成都,451.51,3,1354.53,165.27,微信支付
SO20250039,2025-05-06,P0022,保温杯,家居生活,抖音小店,北京,514.71,3,1544.13,637.38,支付宝
SO20250040,2025-01-01,P0021,记忆枕,家居生活,抖音小店,广州,350.39,3,946.05,731.07,银行卡
SO20250041,2025-05-24,P0006,纯棉 T 恤,服饰鞋包,天猫旗舰店,上海,598.16,5,2542.18,1031.2,支付宝
SO20250042,2025-04-05,P0023,香薰蜡烛,家居生活,线下门店,苏州,725.06,5,3262.77,543.35,微信支付
SO20250043,2025-01-11,P0014,洗发水,美妆个护,抖音小店,深圳,119.41,3,358.23,202.98,微信支付
SO20250044,2025-06-08,P0022,保温杯,家居生活,京东自营,深圳,100.18,5,425.77,1062.3,微信支付
SO20250045,2025-03-27,P0006,纯棉 T 恤,服饰鞋包,拼多多,深圳,707.5,1,672.12,206.24,银行卡
SO20250046,2025-01-10,P0006,纯棉 T 恤,服饰鞋包,拼多多,深圳,634.15,1,539.03,206.24,微信支付
SO20250047,2025-01-07,P0015,面膜,美妆个护,京东自营,武汉,292.73,2,556.19,396.94,银行卡
SO20250048,2025-06-14,P0009,牛仔裤,服饰鞋包,线下门店,武汉,694.2,3,2082.6,397.08,银行卡
SO20250049,2025-05-29,P0001,无线蓝牙耳机,数码家电,抖音小店,北京,109.97,3,313.41,586.29,支付宝
SO20250050,2025-06-05,P0020,零食大礼包,食品生鲜,线下门店,上海,358.96,3,915.35,35.64,花呗
SO20250051,2025-01-01,P0019,水果拼盘,食品生鲜,线下门店,苏州,168.26,1,143.02,244.73,微信支付
SO20250052,2025-03-22,P0012,防晒霜,美妆个护,天猫旗舰店,杭州,356.41,3,1069.23,469.65,银行卡
SO20250053,2025-05-22,P0022,保温杯,家居生活,京东自营,深圳,338.55,4,1354.2,849.84,花呗
SO20250054,2025-05-26,P0022,保温杯,家居生活,抖音小店,武汉,753.48,2,1506.96,424.92,支付宝
SO20250055,2025-06-05,P0010,羽绒服,服饰鞋包,抖音小店,南京,243.79,4,975.16,74.56,花呗
SO20250056,2025-02-13,P0015,面膜,美妆个护,天猫旗舰店,杭州,546.99,5,2324.71,992.35,银行卡
SO20250057,2025-02-27,P0003,便携充电宝,数码家电,京东自营,广州,658.37,2,1316.74,179.52,支付宝
SO20250058,2025-01-19,P0002,智能手表,数码家电,拼多多,武汉,210.98,4,843.92,69.0,微信支付
SO20250059,2025-03-04,P0023,香薰蜡烛,家居生活,京东自营,北京,563.16,4,1914.74,434.68,支付宝
SO20250060,2025-04-29,P0025,收纳箱,家居生活,天猫旗舰店,苏州,351.61,2,703.22,575.18,微信支付
SO20250061,2025-05-24,P0004,4K 显示器,数码家电,线下门店,成都,376.04,4,1504.16,298.92,花呗
SO20250062,2025-05-21,P0020,零食大礼包,食品生鲜,拼多多,广州,655.71,5,2786.77,59.4,花呗
SO20250063,2025-05-14,P0015,面膜,美妆个护,拼多多,深圳,222.17,2,444.34,396.94,银行卡
SO20250064,2025-03-11,P0015,面膜,美妆个护,抖音小店,成都,80.44,3,229.25,595.41,支付宝
SO20250065,2025-06-30,P0005,机械键盘,数码家电,京东自营,上海,137.65,4,523.07,894.32,花呗
SO20250066,2025-01-16,P0014,洗发水,美妆个护,京东自营,武汉,278.09,4,945.51,270.64,花呗
SO20250067,2025-04-08,P0025,收纳箱,家居生活,拼多多,北京,475.58,1,475.58,287.59,银行卡
SO20250068,2025-05-20,P0010,羽绒服,服饰鞋包,线下门店,深圳,607.71,4,2430.84,74.56,花呗
SO20250069,2025-04-10,P0008,双肩背包,服饰鞋包,抖音小店,武汉,232.89,4,838.4,140.84,微信支付
SO20250070,2025-01-07,P0015,面膜,美妆个护,拼多多,重庆,737.24,5,3686.2,992.35,支付宝
SO20250071,2025-02-16,P0003,便携充电宝,数码家电,天猫旗舰店,杭州,521.34,2,886.28,179.52,花呗
SO20250072,2025-04-08,P0011,保湿面霜,美妆个护,抖音小店,武汉,185.1,3,555.3,220.23,银行卡
SO20250073,2025-03-31,P0003,便携充电宝,数码家电,京东自营,上海,386.84,5,1740.78,448.8,支付宝
SO20250074,2025-01-06,P0025,收纳箱,家居生活,线下门店,广州,44.2,2,83.98,575.18,微信支付
SO20250075,2025-02-25,P0005,机械键盘,数码家电,拼多多,杭州,389.38,1,389.38,223.58,银行卡
SO20250076,2025-03-21,P0006,纯棉 T 恤,服饰鞋包,天猫旗舰店,重庆,492.6,1,467.97,206.24,支付宝
SO20250077,2025-02-20,P0010,羽绒服,服饰鞋包,天猫旗舰店,重庆,469.12,4,1595.01,74.56,微信支付
SO20250078,2025-01-31,P0004,4K 显示器,数码家电,线下门店,北京,563.81,3,1691.43,224.19,银行卡
SO20250079,2025-05-10,P0018,有机牛奶,食品生鲜,抖音小店,北京,354.13,3,956.15,542.67,花呗
SO20250080,2025-02-09,P0016,坚果礼盒,食品生鲜,拼多多,广州,102.32,3,260.92,504.09,银行卡
SO20250081,2025-04-30,P0020,零食大礼包,食品生鲜,拼多多,重庆,650.4,5,2764.2,59.4,银行卡
SO20250082,2025-04-26,P0011,保湿面霜,美妆个护,京东自营,南京,684.34,1,684.34,73.41,花呗
SO20250083,2025-05-05,P0011,保湿面霜,美妆个护,京东自营,成都,42.39,3,120.81,220.23,银行卡
SO20250084,2025-05-23,P0011,保湿面霜,美妆个护,天猫旗舰店,苏州,238.13,5,1190.65,367.05,微信支付
SO20250085,2025-05-23,P0003,便携充电宝,数码家电,京东自营,南京,208.26,4,708.08,359.04,花呗
SO20250086,2025-02-26,P0015,面膜,美妆个护,拼多多,深圳,638.49,1,638.49,198.47,银行卡
SO20250087,2025-05-16,P0022,保温杯,家居生活,抖音小店,武汉,473.61,4,1894.44,849.84,银行卡
SO20250088,2025-03-06,P0012,防晒霜,美妆个护,京东自营,上海,568.23,3,1704.69,469.65,微信支付
SO20250089,2025-02-19,P0011,保湿面霜,美妆个护,京东自营,南京,113.25,5,537.94,367.05,银行卡
SO20250090,2025-03-14,P0024,四件套,家居生活,天猫旗舰店,深圳,479.88,5,2399.4,275.45,银行卡
SO20250091,2025-05-17,P0008,双肩背包,服饰鞋包,京东自营,杭州,301.49,3,814.02,105.63,支付宝
SO20250092,2025-01-27,P0002,智能手表,数码家电,天猫旗舰店,重庆,451.62,2,767.75,34.5,银行卡
SO20250093,2025-01-14,P0016,坚果礼盒,食品生鲜,抖音小店,南京,393.4,3,1121.19,504.09,支付宝
SO20250094,2025-06-11,P0003,便携充电宝,数码家电,天猫旗舰店,广州,332.55,1,332.55,89.76,微信支付
SO20250095,2025-01-31,P0019,水果拼盘,食品生鲜,线下门店,武汉,760.32,1,722.3,244.73,微信支付
SO20250096,2025-03-18,P0025,收纳箱,家居生活,线下门店,武汉,427.61,4,1453.87,1150.36,银行卡
SO20250097,2025-02-23,P0019,水果拼盘,食品生鲜,京东自营,杭州,504.4,5,2269.8,1223.65,支付宝
SO20250098,2025-02-10,P0006,纯棉 T 恤,服饰鞋包,天猫旗舰店,武汉,207.09,5,931.91,1031.2,花呗
SO20250099,2025-03-01,P0023,香薰蜡烛,家居生活,抖音小店,杭州,483.17,3,1304.56,326.01,花呗
SO20250100,2025-06-19,P0003,便携充电宝,数码家电,京东自营,武汉,556.16,3,1668.48,269.28,支付宝
SO20250101,2025-02-06,P0018,有机牛奶,食品生鲜,天猫旗舰店,北京,195.35,2,390.7,361.78,微信支付
SO20250102,2025-04-23,P0010,羽绒服,服饰鞋包,天猫旗舰店,南京,484.13,5,2420.65,93.2,银行卡
SO20250103,2025-05-19,P0023,香薰蜡烛,家居生活,拼多多,南京,333.96,3,1001.88,326.01,支付宝
SO20250104,2025-06-04,P0020,零食大礼包,食品生鲜,抖音小店,北京,51.09,4,204.36,47.52,支付宝
SO20250105,2025-01-06,P0008,双肩背包,服饰鞋包,抖音小店,重庆,770.29,5,3851.45,176.05,支付宝
SO20250106,2025-06-16,P0025,收纳箱,家居生活,拼多多,杭州,609.89,4,2439.56,1150.36,微信支付
SO20250107,2025-05-01,P0019,水果拼盘,食品生鲜,抖音小店,武汉,359.99,4,1295.96,978.92,银行卡
SO20250108,2025-04-16,P0011,保湿面霜,美妆个护,拼多多,杭州,542.7,2,1085.4,146.82,花呗
SO20250109,2025-03-22,P0025,收纳箱,家居生活,抖音小店,成都,449.08,4,1616.69,1150.36,支付宝
SO20250110,2025-06-18,P0025,收纳箱,家居生活,线下门店,南京,335.26,5,1508.67,1437.95,花呗
SO20250111,2025-05-08,P0002,智能手表,数码家电,拼多多,北京,166.31,3,498.93,51.75,微信支付
SO20250112,2025-06-28,P0009,牛仔裤,服饰鞋包,拼多多,上海,448.39,3,1143.39,397.08,支付宝
SO20250113,2025-03-21,P0021,记忆枕,家居生活,线下门店,北京,494.92,2,940.35,487.38,花呗
SO20250114,2025-01-31,P0003,便携充电宝,数码家电,京东自营,南京,195.27,1,165.98,89.76,银行卡
SO20250115,2025-05-01,P0017,咖啡豆,食品生鲜,京东自营,南京,570.22,4,1938.75,295.72,微信支付
SO20250116,2025-02-04,P0013,电动牙刷,美妆个护,天猫旗舰店,杭州,168.68,5,843.4,88.5,花呗
SO20250117,2025-01-01,P0011,保湿面霜,美妆个护,抖音小店,杭州,748.71,5,3743.55,367.05,花呗
SO20250118,2025-03-27,P0005,机械键盘,数码家电,线下门店,苏州,368.31,4,1473.24,894.32,花呗
SO20250119,2025-05-27,P0015,面膜,美妆个护,拼多多,深圳,747.62,2,1420.48,396.94,花呗
SO20250120,2025-04-09,P0002,智能手表,数码家电,京东自营,南京,268.18,4,911.81,69.0,支付宝
SO20250121,2025-01-26,P0005,机械键盘,数码家电,拼多多,上海,411.79,5,2058.95,1117.9,花呗
SO20250122,2025-01-20,P0001,无线蓝牙耳机,数码家电,拼多多,杭州,583.51,4,2217.34,781.72,银行卡
SO20250123,2025-06-22,P0020,零食大礼包,食品生鲜,线下门店,武汉,560.31,1,560.31,11.88,银行卡
SO20250124,2025-01-10,P0021,记忆枕,家居生活,线下门店,上海,580.6,4,2322.4,974.76,微信支付
SO20250125,2025-01-24,P0021,记忆枕,家居生活,拼多多,上海,553.83,3,1578.42,731.07,支付宝
SO20250126,2025-01-12,P0015,面膜,美妆个护,抖音小店,北京,149.76,3,404.35,595.41,银行卡
SO20250127,2025-05-16,P0012,防晒霜,美妆个护,拼多多,重庆,312.38,2,593.52,313.1,微信支付
SO20250128,2025-06-08,P0006,纯棉 T 恤,服饰鞋包,京东自营,南京,156.55,5,665.34,1031.2,微信支付
SO20250129,2025-03-07,P0008,双肩背包,服饰鞋包,天猫旗舰店,南京,379.7,3,968.23,105.63,银行卡
SO20250130,2025-03-30,P0022,保温杯,家居生活,线下门店,杭州,446.35,1,379.4,212.46,花呗
SO20250131,2025-04-09,P0023,香薰蜡烛,家居生活,拼多多,上海,215.08,3,612.98,326.01,微信支付
SO20250132,2025-06-29,P0013,电动牙刷,美妆个护,抖音小店,北京,466.1,5,2330.5,88.5,花呗
SO20250133,2025-05-08,P0009,牛仔裤,服饰鞋包,抖音小店,深圳,26.32,1,26.32,132.36,银行卡
SO20250134,2025-06-23,P0008,双肩背包,服饰鞋包,京东自营,上海,516.56,5,2582.8,176.05,支付宝
SO20250135,2025-04-04,P0010,羽绒服,服饰鞋包,京东自营,上海,635.12,1,635.12,18.64,银行卡
SO20250136,2025-02-03,P0011,保湿面霜,美妆个护,线下门店,成都,603.04,2,1145.78,146.82,银行卡
SO20250137,2025-03-28,P0006,纯棉 T 恤,服饰鞋包,天猫旗舰店,南京,220.44,4,881.76,824.96,支付宝
SO20250138,2025-05-23,P0005,机械键盘,数码家电,抖音小店,上海,608.24,2,1034.01,447.16,花呗
SO20250139,2025-04-05,P0001,无线蓝牙耳机,数码家电,抖音小店,重庆,226.28,1,192.34,195.43,花呗
SO20250140,2025-05-01,P0021,记忆枕,家居生活,天猫旗舰店,重庆,753.43,1,715.76,243.69,银行卡
SO20250141,2025-06-29,P0020,零食大礼包,食品生鲜,抖音小店,武汉,192.67,1,163.77,11.88,支付宝
SO20250142,2025-05-07,P0005,机械键盘,数码家电,天猫旗舰店,上海,55.37,1,55.37,223.58,微信支付
SO20250143,2025-06-21,P0018,有机牛奶,食品生鲜,线下门店,武汉,125.82,4,503.28,723.56,微信支付
SO20250144,2025-04-15,P0014,洗发水,美妆个护,抖音小店,北京,530.84,4,2123.36,270.64,银行卡
SO20250145,2025-01-26,P0007,休闲运动鞋,服饰鞋包,抖音小店,苏州,365.84,2,731.68,537.46,银行卡
SO20250146,2025-04-27,P0002,智能手表,数码家电,天猫旗舰店,深圳,330.55,2,594.99,34.5,支付宝
SO20250147,2025-05-25,P0002,智能手表,数码家电,京东自营,上海,633.7,2,1204.03,34.5,微信支付
SO20250148,2025-02-07,P0019,水果拼盘,食品生鲜,线下门店,北京,188.44,2,376.88,489.46,银行卡
SO20250149,2025-02-14,P0005,机械键盘,数码家电,天猫旗舰店,北京,790.27,5,3951.35,1117.9,微信支付
SO20250150,2025-03-24,P0001,无线蓝牙耳机,数码家电,天猫旗舰店,广州,299.43,2,598.86,390.86,银行卡
SO20250151,2025-01-30,P0002,智能手表,数码家电,天猫旗舰店,南京,118.87,4,475.48,69.0,花呗
SO20250152,2025-04-26,P0025,收纳箱,家居生活,线下门店,深圳,302.39,5,1360.75,1437.95,支付宝
SO20250153,2025-04-28,P0024,四件套,家居生活,天猫旗舰店,北京,630.92,5,3154.6,275.45,花呗
SO20250154,2025-04-24,P0013,电动牙刷,美妆个护,天猫旗舰店,上海,352.49,1,299.62,17.7,银行卡
SO20250155,2025-06-09,P0020,零食大礼包,食品生鲜,线下门店,苏州,135.7,2,271.4,23.76,银行卡
SO20250156,2025-04-27,P0013,电动牙刷,美妆个护,线下门店,重庆,795.81,5,3979.05,88.5,花呗
SO20250157,2025-02-25,P0004,4K 显示器,数码家电,拼多多,南京,638.61,1,638.61,74.73,微信支付
SO20250158,2025-04-17,P0014,洗发水,美妆个护,天猫旗舰店,成都,284.37,4,966.86,270.64,花呗
SO20250159,2025-06-25,P0011,保湿面霜,美妆个护,拼多多,上海,538.78,3,1535.52,220.23,支付宝
SO20250160,2025-02-03,P0003,便携充电宝,数码家电,线下门店,北京,92.72,1,92.72,89.76,银行卡
SO20250161,2025-01-14,P0022,保温杯,家居生活,抖音小店,重庆,115.34,3,294.12,637.38,银行卡
SO20250162,2025-02-09,P0012,防晒霜,美妆个护,拼多多,深圳,100.81,5,478.85,782.75,支付宝
SO20250163,2025-03-13,P0012,防晒霜,美妆个护,线下门店,深圳,679.39,3,1834.35,469.65,花呗
SO20250164,2025-06-22,P0018,有机牛奶,食品生鲜,线下门店,北京,780.15,5,3900.75,904.45,银行卡
SO20250165,2025-03-31,P0001,无线蓝牙耳机,数码家电,天猫旗舰店,广州,160.72,3,482.16,586.29,微信支付
SO20250166,2025-06-12,P0019,水果拼盘,食品生鲜,天猫旗舰店,上海,532.73,1,506.09,244.73,微信支付
SO20250167,2025-04-05,P0013,电动牙刷,美妆个护,抖音小店,成都,347.47,3,990.29,53.1,支付宝
SO20250168,2025-06-22,P0002,智能手表,数码家电,天猫旗舰店,杭州,141.35,5,636.08,86.25,花呗
SO20250169,2025-04-17,P0022,保温杯,家居生活,抖音小店,深圳,350.73,5,1490.6,1062.3,支付宝
SO20250170,2025-05-05,P0012,防晒霜,美妆个护,线下门店,杭州,355.33,3,1065.99,469.65,支付宝
SO20250171,2025-01-02,P0008,双肩背包,服饰鞋包,京东自营,杭州,328.31,5,1477.39,176.05,微信支付
SO20250172,2025-03-25,P0025,收纳箱,家居生活,天猫旗舰店,北京,127.04,3,381.12,862.77,花呗
SO20250173,2025-05-17,P0024,四件套,家居生活,京东自营,苏州,355.91,2,605.05,110.18,银行卡
SO20250174,2025-01-05,P0003,便携充电宝,数码家电,拼多多,上海,329.72,1,280.26,89.76,银行卡
SO20250175,2025-03-16,P0019,水果拼盘,食品生鲜,天猫旗舰店,武汉,354.84,4,1206.46,978.92,支付宝
SO20250176,2025-06-26,P0011,保湿面霜,美妆个护,抖音小店,上海,154.06,5,654.75,367.05,花呗
SO20250177,2025-05-15,P0004,4K 显示器,数码家电,天猫旗舰店,武汉,209.79,5,891.61,373.65,银行卡
SO20250178,2025-01-20,P0024,四件套,家居生活,线下门店,上海,284.82,3,811.74,165.27,微信支付
SO20250179,2025-01-27,P0025,收纳箱,家居生活,京东自营,杭州,292.51,2,555.77,575.18,微信支付
SO20250180,2025-06-10,P0006,纯棉 T 恤,服饰鞋包,拼多多,南京,489.87,1,465.38,206.24,花呗
SO20250181,2025-03-24,P0022,保温杯,家居生活,抖音小店,广州,740.84,5,3704.2,1062.3,花呗
SO20250182,2025-06-01,P0003,便携充电宝,数码家电,天猫旗舰店,成都,385.76,3,1157.28,269.28,支付宝
SO20250183,2025-04-05,P0010,羽绒服,服饰鞋包,抖音小店,上海,380.16,1,342.14,18.64,支付宝
SO20250184,2025-05-29,P0020,零食大礼包,食品生鲜,线下门店,北京,483.38,4,1643.49,47.52,花呗
SO20250185,2025-05-02,P0019,水果拼盘,食品生鲜,线下门店,广州,528.43,3,1585.29,734.19,支付宝
SO20250186,2025-05-10,P0015,面膜,美妆个护,京东自营,北京,100.73,3,271.97,595.41,微信支付
SO20250187,2025-05-14,P0023,香薰蜡烛,家居生活,线下门店,广州,361.45,4,1445.8,434.68,银行卡
SO20250188,2025-03-28,P0012,防晒霜,美妆个护,线下门店,北京,735.99,4,2502.37,626.2,银行卡
SO20250189,2025-03-14,P0003,便携充电宝,数码家电,抖音小店,重庆,277.16,5,1177.93,448.8,微信支付
SO20250190,2025-03-21,P0011,保湿面霜,美妆个护,拼多多,广州,83.57,2,167.14,146.82,支付宝
SO20250191,2025-06-21,P0010,羽绒服,服饰鞋包,线下门店,上海,455.96,3,1299.49,55.92,花呗
SO20250192,2025-02-16,P0017,咖啡豆,食品生鲜,京东自营,成都,302.23,3,906.69,221.79,花呗
SO20250193,2025-01-20,P0007,休闲运动鞋,服饰鞋包,抖音小店,上海,196.7,2,373.73,537.46,支付宝
SO20250194,2025-06-02,P0022,保温杯,家居生活,拼多多,广州,282.68,5,1342.73,1062.3,微信支付
SO20250195,2025-04-23,P0006,纯棉 T 恤,服饰鞋包,天猫旗舰店,武汉,668.45,5,3175.14,1031.2,银行卡
SO20250196,2025-03-14,P0022,保温杯,家居生活,拼多多,深圳,581.28,4,2325.12,849.84,微信支付
SO20250197,2025-04-05,P0010,羽绒服,服饰鞋包,线下门店,南京,773.17,4,2938.05,74.56,花呗
SO20250198,2025-05-16,P0025,收纳箱,家居生活,拼多多,广州,239.78,4,959.12,1150.36,微信支付
SO20250199,2025-06-14,P0020,零食大礼包,食品生鲜,拼多多,成都,127.95,3,345.47,35.64,支付宝
SO20250200,2025-01-22,P0023,香薰蜡烛,家居生活,京东自营,杭州,679.8,1,679.8,108.67,花呗
SO20250201,2025-02-26,P0017,咖啡豆,食品生鲜,拼多多,成都,134.93,4,485.75,295.72,支付宝
SO20250202,2025-03-02,P0014,洗发水,美妆个护,拼多多,上海,61.54,5,307.7,338.3,银行卡
SO20250203,2025-02-07,P0008,双肩背包,服饰鞋包,京东自营,北京,41.99,1,41.99,35.21,银行卡
SO20250204,2025-04-25,P0016,坚果礼盒,食品生鲜,线下门店,北京,562.94,2,957.0,336.06,支付宝
SO20250205,2025-06-05,P0001,无线蓝牙耳机,数码家电,线下门店,武汉,219.62,2,439.24,390.86,支付宝
SO20250206,2025-01-13,P0025,收纳箱,家居生活,京东自营,武汉,244.72,3,660.74,862.77,花呗
SO20250207,2025-05-18,P0003,便携充电宝,数码家电,天猫旗舰店,苏州,106.47,4,425.88,359.04,微信支付
SO20250208,2025-06-07,P0023,香薰蜡烛,家居生活,抖音小店,深圳,131.99,4,475.16,434.68,花呗
SO20250209,2025-04-03,P0006,纯棉 T 恤,服饰鞋包,天猫旗舰店,苏州,538.21,1,538.21,206.24,支付宝
SO20250210,2025-04-06,P0013,电动牙刷,美妆个护,抖音小店,北京,701.2,1,596.02,17.7,银行卡
SO20250211,2025-03-27,P0003,便携充电宝,数码家电,京东自营,北京,288.95,1,288.95,89.76,银行卡
SO20250212,2025-06-28,P0018,有机牛奶,食品生鲜,拼多多,广州,284.07,2,482.92,361.78,微信支付
SO20250213,2025-03-17,P0003,便携充电宝,数码家电,京东自营,北京,578.52,4,2082.67,359.04,微信支付
SO20250214,2025-04-12,P0002,智能手表,数码家电,线下门店,南京,266.16,3,798.48,51.75,银行卡
SO20250215,2025-04-02,P0002,智能手表,数码家电,天猫旗舰店,成都,607.57,2,1215.14,34.5,银行卡
SO20250216,2025-04-23,P0004,4K 显示器,数码家电,拼多多,成都,643.49,4,2187.87,298.92,微信支付
SO20250217,2025-03-10,P0016,坚果礼盒,食品生鲜,天猫旗舰店,武汉,559.81,3,1679.43,504.09,支付宝
SO20250218,2025-03-17,P0014,洗发水,美妆个护,抖音小店,上海,489.91,2,979.82,135.32,支付宝
SO20250219,2025-06-04,P0011,保湿面霜,美妆个护,拼多多,广州,535.52,3,1365.58,220.23,花呗
SO20250220,2025-04-22,P0012,防晒霜,美妆个护,抖音小店,北京,368.76,3,1106.28,469.65,支付宝
SO20250221,2025-06-23,P0022,保温杯,家居生活,京东自营,北京,517.26,3,1551.78,637.38,微信支付
SO20250222,2025-02-02,P0020,零食大礼包,食品生鲜,天猫旗舰店,深圳,548.91,4,1976.08,47.52,银行卡
SO20250223,2025-06-04,P0012,防晒霜,美妆个护,京东自营,南京,318.63,5,1433.84,782.75,银行卡
SO20250224,2025-02-05,P0012,防晒霜,美妆个护,线下门店,成都,366.27,1,366.27,156.55,花呗
SO20250225,2025-01-07,P0011,保湿面霜,美妆个护,京东自营,南京,526.66,2,947.99,146.82,花呗
SO20250226,2025-02-24,P0018,有机牛奶,食品生鲜,线下门店,杭州,111.85,3,285.22,542.67,花呗
SO20250227,2025-02-14,P0007,休闲运动鞋,服饰鞋包,拼多多,上海,115.66,1,98.31,268.73,银行卡
SO20250228,2025-05-19,P0022,保温杯,家居生活,抖音小店,杭州,290.99,1,290.99,212.46,微信支付
SO20250229,2025-05-11,P0023,香薰蜡烛,家居生活,京东自营,上海,573.46,2,1146.92,217.34,微信支付
SO20250230,2025-04-03,P0005,机械键盘,数码家电,线下门店,重庆,204.65,4,736.74,894.32,银行卡
SO20250231,2025-06-06,P0015,面膜,美妆个护,天猫旗舰店,上海,646.86,5,3072.59,992.35,银行卡
SO20250232,2025-04-16,P0013,电动牙刷,美妆个护,拼多多,重庆,799.68,4,3198.72,70.8,支付宝
SO20250233,2025-04-30,P0005,机械键盘,数码家电,线下门店,成都,778.46,1,661.69,223.58,微信支付
SO20250234,2025-02-03,P0025,收纳箱,家居生活,拼多多,苏州,450.02,5,2137.59,1437.95,支付宝
SO20250235,2025-02-11,P0004,4K 显示器,数码家电,抖音小店,深圳,424.12,3,1208.74,224.19,银行卡
SO20250236,2025-02-20,P0017,咖啡豆,食品生鲜,线下门店,杭州,718.04,1,718.04,73.93,微信支付
SO20250237,2025-05-09,P0021,记忆枕,家居生活,京东自营,重庆,256.2,5,1152.9,1218.45,微信支付
SO20250238,2025-05-25,P0006,纯棉 T 恤,服饰鞋包,天猫旗舰店,北京,533.81,5,2669.05,1031.2,支付宝
SO20250239,2025-06-16,P0002,智能手表,数码家电,京东自营,重庆,759.87,5,3799.35,86.25,花呗
SO20250240,2025-03-16,P0020,零食大礼包,食品生鲜,抖音小店,南京,518.41,4,2073.64,47.52,微信支付
SO20250241,2025-06-26,P0022,保温杯,家居生活,天猫旗舰店,广州,336.75,4,1212.3,849.84,花呗
SO20250242,2025-06-05,P0014,洗发水,美妆个护,京东自营,成都,397.72,2,795.44,135.32,银行卡
SO20250243,2025-02-03,P0024,四件套,家居生活,抖音小店,苏州,790.66,3,2016.18,165.27,支付宝
SO20250244,2025-04-26,P0011,保湿面霜,美妆个护,京东自营,广州,208.56,1,208.56,73.41,支付宝
SO20250245,2025-04-18,P0002,智能手表,数码家电,京东自营,广州,246.37,4,985.48,69.0,银行卡
SO20250246,2025-05-08,P0019,水果拼盘,食品生鲜,线下门店,南京,582.48,2,1106.71,489.46,花呗
SO20250247,2025-05-10,P0010,羽绒服,服饰鞋包,拼多多,深圳,407.95,1,346.76,18.64,微信支付
SO20250248,2025-05-07,P0019,水果拼盘,食品生鲜,线下门店,南京,295.26,1,295.26,244.73,银行卡
SO20250249,2025-02-04,P0018,有机牛奶,食品生鲜,抖音小店,成都,26.38,1,22.42,180.89,花呗
SO20250250,2025-05-24,P0012,防晒霜,美妆个护,京东自营,成都,55.29,1,55.29,156.55,银行卡
SO20250251,2025-03-13,P0003,便携充电宝,数码家电,线下门店,重庆,321.35,4,1285.4,359.04,支付宝
SO20250252,2025-03-28,P0005,机械键盘,数码家电,线下门店,成都,780.56,4,3122.24,894.32,微信支付
SO20250253,2025-01-11,P0007,休闲运动鞋,服饰鞋包,天猫旗舰店,北京,489.92,4,1959.68,1074.92,微信支付
SO20250254,2025-04-27,P0023,香薰蜡烛,家居生活,京东自营,重庆,279.77,4,1119.08,434.68,微信支付
SO20250255,2025-04-11,P0011,保湿面霜,美妆个护,线下门店,杭州,746.47,3,2127.44,220.23,银行卡
SO20250256,2025-05-25,P0017,咖啡豆,食品生鲜,抖音小店,南京,666.07,5,2830.8,369.65,支付宝
SO20250257,2025-05-30,P0012,防晒霜,美妆个护,抖音小店,北京,278.37,1,236.61,156.55,花呗
SO20250258,2025-02-28,P0009,牛仔裤,服饰鞋包,天猫旗舰店,重庆,774.32,5,3871.6,661.8,花呗
SO20250259,2025-02-07,P0006,纯棉 T 恤,服饰鞋包,京东自营,北京,428.9,5,1822.83,1031.2,支付宝
SO20250260,2025-02-08,P0007,休闲运动鞋,服饰鞋包,拼多多,深圳,34.77,3,88.66,806.19,花呗
SO20250261,2025-06-30,P0017,咖啡豆,食品生鲜,京东自营,苏州,624.48,4,2248.13,295.72,微信支付
SO20250262,2025-04-07,P0018,有机牛奶,食品生鲜,抖音小店,广州,273.54,4,1094.16,723.56,花呗
SO20250263,2025-06-06,P0018,有机牛奶,食品生鲜,拼多多,深圳,287.02,3,861.06,542.67,微信支付
SO20250264,2025-03-15,P0009,牛仔裤,服饰鞋包,京东自营,南京,455.31,2,910.62,264.72,银行卡
SO20250265,2025-02-01,P0016,坚果礼盒,食品生鲜,线下门店,苏州,292.07,3,876.21,504.09,花呗
SO20250266,2025-01-11,P0013,电动牙刷,美妆个护,抖音小店,上海,658.33,2,1316.66,35.4,银行卡
SO20250267,2025-02-21,P0015,面膜,美妆个护,线下门店,杭州,531.66,4,2020.31,793.88,银行卡
SO20250268,2025-03-04,P0005,机械键盘,数码家电,天猫旗舰店,苏州,105.2,5,499.7,1117.9,微信支付
SO20250269,2025-03-26,P0021,记忆枕,家居生活,拼多多,上海,201.61,1,171.37,243.69,微信支付
SO20250270,2025-06-17,P0001,无线蓝牙耳机,数码家电,拼多多,南京,772.32,2,1312.94,390.86,微信支付
SO20250271,2025-06-15,P0025,收纳箱,家居生活,天猫旗舰店,上海,771.85,3,2315.55,862.77,微信支付
SO20250272,2025-04-17,P0018,有机牛奶,食品生鲜,京东自营,北京,596.18,1,566.37,180.89,花呗
SO20250273,2025-01-03,P0016,坚果礼盒,食品生鲜,抖音小店,重庆,165.32,3,446.36,504.09,支付宝
SO20250274,2025-05-07,P0011,保湿面霜,美妆个护,京东自营,苏州,241.96,5,1209.8,367.05,花呗
SO20250275,2025-02-11,P0009,牛仔裤,服饰鞋包,拼多多,杭州,170.39,1,170.39,132.36,微信支付
SO20250276,2025-06-22,P0001,无线蓝牙耳机,数码家电,京东自营,广州,594.56,3,1783.68,586.29,花呗
SO20250277,2025-06-21,P0014,洗发水,美妆个护,天猫旗舰店,广州,421.92,1,358.63,67.66,微信支付
SO20250278,2025-03-08,P0016,坚果礼盒,食品生鲜,拼多多,深圳,272.41,2,490.34,336.06,花呗
SO20250279,2025-05-30,P0025,收纳箱,家居生活,线下门店,北京,228.26,3,684.78,862.77,银行卡
SO20250280,2025-06-20,P0021,记忆枕,家居生活,天猫旗舰店,南京,300.45,2,540.81,487.38,银行卡
SO20250281,2025-06-26,P0006,纯棉 T 恤,服饰鞋包,天猫旗舰店,杭州,336.22,5,1681.1,1031.2,银行卡
SO20250282,2025-02-09,P0020,零食大礼包,食品生鲜,拼多多,重庆,192.26,2,326.84,23.76,银行卡
SO20250283,2025-06-20,P0014,洗发水,美妆个护,京东自营,深圳,567.51,4,2270.04,270.64,支付宝
SO20250284,2025-05-25,P0017,咖啡豆,食品生鲜,天猫旗舰店,北京,368.46,3,994.84,221.79,微信支付
SO20250285,2025-05-14,P0019,水果拼盘,食品生鲜,拼多多,上海,438.59,2,877.18,489.46,微信支付
SO20250286,2025-04-25,P0023,香薰蜡烛,家居生活,天猫旗舰店,南京,474.86,1,474.86,108.67,微信支付
SO20250287,2025-05-24,P0017,咖啡豆,食品生鲜,拼多多,杭州,344.03,5,1548.13,369.65,支付宝
SO20250288,2025-05-29,P0013,电动牙刷,美妆个护,天猫旗舰店,北京,218.48,1,207.56,17.7,花呗
SO20250289,2025-01-18,P0012,防晒霜,美妆个护,拼多多,北京,566.3,5,2548.35,782.75,银行卡
SO20250290,2025-04-06,P0014,洗发水,美妆个护,拼多多,南京,160.39,2,272.66,135.32,花呗
SO20250291,2025-06-17,P0013,电动牙刷,美妆个护,抖音小店,上海,82.59,5,392.3,88.5,微信支付
SO20250292,2025-01-01,P0018,有机牛奶,食品生鲜,天猫旗舰店,杭州,326.59,2,620.52,361.78,花呗
SO20250293,2025-04-08,P0022,保温杯,家居生活,京东自营,深圳,580.89,4,2323.56,849.84,花呗
SO20250294,2025-01-09,P0012,防晒霜,美妆个护,拼多多,重庆,140.99,2,253.78,313.1,支付宝
SO20250295,2025-01-09,P0008,双肩背包,服饰鞋包,拼多多,重庆,180.74,1,180.74,35.21,支付宝
SO20250296,2025-03-01,P0008,双肩背包,服饰鞋包,线下门店,深圳,597.62,4,2031.91,140.84,支付宝
SO20250297,2025-05-28,P0005,机械键盘,数码家电,抖音小店,重庆,413.04,3,1177.16,670.74,银行卡
SO20250298,2025-02-26,P0008,双肩背包,服饰鞋包,拼多多,杭州,255.38,2,510.76,70.42,银行卡
SO20250299,2025-06-10,P0002,智能手表,数码家电,拼多多,苏州,454.24,5,2157.64,86.25,花呗
SO20250300,2025-03-23,P0002,智能手表,数码家电,拼多多,武汉,778.39,4,3113.56,69.0,微信支付
SO20250301,2025-03-03,P0010,羽绒服,服饰鞋包,京东自营,杭州,313.64,5,1332.97,93.2,微信支付
SO20250302,2025-04-17,P0015,面膜,美妆个护,线下门店,苏州,733.5,5,3117.38,992.35,微信支付
SO20250303,2025-06-15,P0013,电动牙刷,美妆个护,天猫旗舰店,南京,209.43,2,418.86,35.4,银行卡
SO20250304,2025-03-10,P0003,便携充电宝,数码家电,拼多多,重庆,437.8,2,788.04,179.52,支付宝
SO20250305,2025-02-25,P0003,便携充电宝,数码家电,拼多多,深圳,166.77,5,833.85,448.8,银行卡
SO20250306,2025-02-18,P0010,羽绒服,服饰鞋包,天猫旗舰店,南京,766.48,1,728.16,18.64,微信支付
SO20250307,2025-03-03,P0023,香薰蜡烛,家居生活,线下门店,成都,491.43,2,835.43,217.34,银行卡
SO20250308,2025-03-08,P0013,电动牙刷,美妆个护,抖音小店,苏州,383.68,3,1151.04,53.1,花呗
SO20250309,2025-02-22,P0015,面膜,美妆个护,抖音小店,成都,96.91,4,387.64,793.88,花呗
SO20250310,2025-01-05,P0002,智能手表,数码家电,抖音小店,苏州,458.77,2,871.66,34.5,花呗
SO20250311,2025-04-08,P0010,羽绒服,服饰鞋包,线下门店,深圳,138.88,3,395.81,55.92,花呗
SO20250312,2025-05-06,P0018,有机牛奶,食品生鲜,拼多多,南京,530.59,3,1591.77,542.67,微信支付
SO20250313,2025-05-20,P0024,四件套,家居生活,拼多多,广州,640.08,2,1216.15,110.18,支付宝
SO20250314,2025-01-02,P0017,咖啡豆,食品生鲜,拼多多,广州,46.38,1,41.74,73.93,微信支付
SO20250315,2025-05-10,P0003,便携充电宝,数码家电,拼多多,成都,571.59,1,543.01,89.76,支付宝
SO20250316,2025-06-18,P0020,零食大礼包,食品生鲜,拼多多,北京,517.43,5,2199.08,59.4,支付宝
SO20250317,2025-05-16,P0018,有机牛奶,食品生鲜,抖音小店,苏州,450.28,1,405.25,180.89,银行卡
SO20250318,2025-01-28,P0001,无线蓝牙耳机,数码家电,天猫旗舰店,苏州,411.73,4,1564.57,781.72,微信支付
SO20250319,2025-04-01,P0008,双肩背包,服饰鞋包,抖音小店,武汉,169.71,5,848.55,176.05,支付宝
SO20250320,2025-03-04,P0012,防晒霜,美妆个护,京东自营,杭州,768.25,4,3073.0,626.2,支付宝
SO20250321,2025-04-14,P0021,记忆枕,家居生活,拼多多,武汉,793.51,1,714.16,243.69,花呗
SO20250322,2025-05-08,P0002,智能手表,数码家电,拼多多,成都,516.66,2,929.99,34.5,支付宝
SO20250323,2025-06-27,P0017,咖啡豆,食品生鲜,线下门店,南京,736.94,2,1400.19,147.86,银行卡
SO20250324,2025-05-25,P0002,智能手表,数码家电,天猫旗舰店,广州,740.84,3,2222.52,51.75,银行卡
SO20250325,2025-04-12,P0001,无线蓝牙耳机,数码家电,天猫旗舰店,杭州,769.95,5,3657.26,977.15,微信支付
SO20250326,2025-03-26,P0019,水果拼盘,食品生鲜,拼多多,广州,207.57,4,830.28,978.92,支付宝
SO20250327,2025-01-26,P0017,咖啡豆,食品生鲜,拼多多,深圳,601.46,3,1623.94,221.79,支付宝
SO20250328,2025-04-12,P0011,保湿面霜,美妆个护,抖音小店,北京,492.03,5,2460.15,367.05,银行卡
SO20250329,2025-04-07,P0015,面膜,美妆个护,拼多多,广州,402.67,3,1208.01,595.41,花呗
SO20250330,2025-01-19,P0003,便携充电宝,数码家电,天猫旗舰店,杭州,622.29,3,1773.53,269.28,微信支付
SO20250331,2025-03-23,P0013,电动牙刷,美妆个护,抖音小店,上海,575.11,2,977.69,35.4,支付宝
SO20250332,2025-03-11,P0001,无线蓝牙耳机,数码家电,天猫旗舰店,广州,755.51,4,3022.04,781.72,支付宝
SO20250333,2025-05-12,P0006,纯棉 T 恤,服饰鞋包,拼多多,上海,356.16,5,1780.8,1031.2,支付宝
SO20250334,2025-06-03,P0003,便携充电宝,数码家电,抖音小店,武汉,296.05,1,296.05,89.76,支付宝
SO20250335,2025-03-04,P0010,羽绒服,服饰鞋包,线下门店,苏州,342.77,1,342.77,18.64,微信支付
SO20250336,2025-03-19,P0022,保温杯,家居生活,抖音小店,南京,316.97,2,633.94,424.92,微信支付
SO20250337,2025-03-18,P0003,便携充电宝,数码家电,拼多多,上海,150.42,3,383.57,269.28,银行卡
SO20250338,2025-06-07,P0009,牛仔裤,服饰鞋包,京东自营,南京,756.49,4,3025.96,529.44,支付宝
SO20250339,2025-06-08,P0005,机械键盘,数码家电,拼多多,成都,257.63,4,1030.52,894.32,花呗
SO20250340,2025-03-18,P0011,保湿面霜,美妆个护,抖音小店,重庆,355.88,5,1690.43,367.05,微信支付
SO20250341,2025-03-16,P0016,坚果礼盒,食品生鲜,拼多多,重庆,265.06,4,1060.24,672.12,微信支付
SO20250342,2025-01-30,P0011,保湿面霜,美妆个护,线下门店,深圳,313.32,4,1253.28,293.64,微信支付
SO20250343,2025-02-23,P0022,保温杯,家居生活,拼多多,杭州,618.74,1,525.93,212.46,支付宝
SO20250344,2025-03-03,P0014,洗发水,美妆个护,抖音小店,广州,544.92,2,1089.84,135.32,花呗
SO20250345,2025-05-30,P0013,电动牙刷,美妆个护,拼多多,苏州,77.69,5,330.18,88.5,花呗
SO20250346,2025-06-02,P0018,有机牛奶,食品生鲜,天猫旗舰店,上海,48.68,3,146.04,542.67,微信支付
SO20250347,2025-01-12,P0022,保温杯,家居生活,线下门店,武汉,538.46,2,1076.92,424.92,银行卡
SO20250348,2025-02-26,P0014,洗发水,美妆个护,线下门店,苏州,102.64,1,102.64,67.66,微信支付
SO20250349,2025-06-26,P0015,面膜,美妆个护,线下门店,广州,311.81,4,1247.24,793.88,银行卡
SO20250350,2025-01-22,P0001,无线蓝牙耳机,数码家电,天猫旗舰店,广州,396.56,3,1011.23,586.29,银行卡
SO20250351,2025-05-04,P0010,羽绒服,服饰鞋包,抖音小店,南京,287.59,2,575.18,37.28,支付宝
SO20250352,2025-01-18,P0015,面膜,美妆个护,抖音小店,北京,583.16,4,2332.64,793.88,支付宝
SO20250353,2025-03-04,P0001,无线蓝牙耳机,数码家电,线下门店,广州,682.36,1,648.24,195.43,微信支付
SO20250354,2025-04-14,P0011,保湿面霜,美妆个护,京东自营,广州,456.68,4,1735.38,293.64,花呗
SO20250355,2025-04-26,P0013,电动牙刷,美妆个护,线下门店,武汉,42.77,5,203.16,88.5,花呗
SO20250356,2025-06-30,P0001,无线蓝牙耳机,数码家电,天猫旗舰店,重庆,569.69,2,1139.38,390.86,支付宝
SO20250357,2025-04-28,P0018,有机牛奶,食品生鲜,天猫旗舰店,杭州,165.83,3,472.62,542.67,花呗
SO20250358,2025-04-10,P0017,咖啡豆,食品生鲜,线下门店,武汉,773.41,3,2320.23,221.79,支付宝
SO20250359,2025-02-14,P0012,防晒霜,美妆个护,抖音小店,重庆,294.55,4,1178.2,626.2,支付宝
SO20250360,2025-03-20,P0022,保温杯,家居生活,天猫旗舰店,广州,124.48,1,118.26,212.46,银行卡
SO20250361,2025-06-02,P0023,香薰蜡烛,家居生活,京东自营,重庆,130.26,4,442.88,434.68,花呗
SO20250362,2025-05-23,P0014,洗发水,美妆个护,京东自营,南京,164.89,5,783.23,338.3,银行卡
SO20250363,2025-01-14,P0005,机械键盘,数码家电,抖音小店,北京,165.94,4,663.76,894.32,花呗
SO20250364,2025-05-10,P0005,机械键盘,数码家电,拼多多,武汉,172.2,4,688.8,894.32,花呗
SO20250365,2025-02-12,P0014,洗发水,美妆个护,天猫旗舰店,重庆,573.91,4,1951.29,270.64,支付宝
SO20250366,2025-02-27,P0025,收纳箱,家居生活,线下门店,杭州,192.01,1,192.01,287.59,微信支付
SO20250367,2025-05-11,P0025,收纳箱,家居生活,天猫旗舰店,重庆,376.71,4,1506.84,1150.36,支付宝
SO20250368,2025-01-11,P0009,牛仔裤,服饰鞋包,拼多多,苏州,624.59,3,1873.77,397.08,微信支付
SO20250369,2025-01-09,P0014,洗发水,美妆个护,拼多多,杭州,99.88,2,199.76,135.32,银行卡
SO20250370,2025-02-23,P0003,便携充电宝,数码家电,线下门店,成都,362.47,1,344.35,89.76,花呗
SO20250371,2025-01-16,P0006,纯棉 T 恤,服饰鞋包,线下门店,成都,500.6,2,951.14,412.48,银行卡
SO20250372,2025-03-16,P0020,零食大礼包,食品生鲜,线下门店,杭州,440.24,3,1320.72,35.64,支付宝
SO20250373,2025-03-12,P0005,机械键盘,数码家电,京东自营,广州,770.96,4,2775.46,894.32,微信支付
SO20250374,2025-05-06,P0005,机械键盘,数码家电,京东自营,重庆,574.89,2,977.31,447.16,银行卡
SO20250375,2025-06-12,P0021,记忆枕,家居生活,天猫旗舰店,武汉,343.1,4,1235.16,974.76,银行卡
SO20250376,2025-05-05,P0023,香薰蜡烛,家居生活,抖音小店,重庆,750.34,3,1913.37,326.01,支付宝
SO20250377,2025-06-12,P0025,收纳箱,家居生活,抖音小店,上海,680.79,1,578.67,287.59,花呗
SO20250378,2025-03-10,P0007,休闲运动鞋,服饰鞋包,抖音小店,杭州,775.14,2,1317.74,537.46,银行卡
SO20250379,2025-03-29,P0018,有机牛奶,食品生鲜,天猫旗舰店,北京,470.79,5,2000.86,904.45,支付宝
SO20250380,2025-02-01,P0021,记忆枕,家居生活,京东自营,南京,631.43,4,2273.15,974.76,花呗
SO20250381,2025-06-26,P0001,无线蓝牙耳机,数码家电,京东自营,杭州,793.63,4,3015.79,781.72,微信支付
SO20250382,2025-01-22,P0009,牛仔裤,服饰鞋包,抖音小店,广州,92.81,3,278.43,397.08,支付宝
SO20250383,2025-06-17,P0013,电动牙刷,美妆个护,天猫旗舰店,上海,507.97,2,863.55,35.4,支付宝
SO20250384,2025-02-27,P0007,休闲运动鞋,服饰鞋包,线下门店,南京,391.91,2,783.82,537.46,支付宝
SO20250385,2025-06-27,P0001,无线蓝牙耳机,数码家电,京东自营,南京,562.57,1,478.18,195.43,支付宝
SO20250386,2025-03-22,P0008,双肩背包,服饰鞋包,抖音小店,杭州,318.79,1,286.91,35.21,微信支付
SO20250387,2025-01-18,P0013,电动牙刷,美妆个护,线下门店,重庆,623.3,2,1184.27,35.4,支付宝
SO20250388,2025-02-24,P0020,零食大礼包,食品生鲜,京东自营,武汉,527.02,4,2108.08,47.52,花呗
SO20250389,2025-02-01,P0007,休闲运动鞋,服饰鞋包,线下门店,武汉,87.62,1,83.24,268.73,银行卡
SO20250390,2025-03-12,P0014,洗发水,美妆个护,天猫旗舰店,深圳,265.31,2,504.09,135.32,银行卡
SO20250391,2025-02-22,P0025,收纳箱,家居生活,线下门店,重庆,754.2,1,754.2,287.59,微信支付
SO20250392,2025-05-07,P0024,四件套,家居生活,拼多多,上海,325.57,1,309.29,55.09,微信支付
SO20250393,2025-01-04,P0016,坚果礼盒,食品生鲜,抖音小店,成都,517.7,1,517.7,168.03,微信支付
SO20250394,2025-04-04,P0013,电动牙刷,美妆个护,线下门店,广州,691.43,5,2938.58,88.5,花呗
SO20250395,2025-01-04,P0025,收纳箱,家居生活,抖音小店,深圳,76.93,5,346.19,1437.95,支付宝
SO20250396,2025-03-15,P0002,智能手表,数码家电,线下门店,武汉,759.97,4,3039.88,69.0,花呗
SO20250397,2025-06-07,P0023,香薰蜡烛,家居生活,京东自营,杭州,333.78,5,1668.9,543.35,支付宝
SO20250398,2025-05-18,P0010,羽绒服,服饰鞋包,抖音小店,武汉,81.64,2,155.12,37.28,支付宝
SO20250399,2025-03-04,P0010,羽绒服,服饰鞋包,天猫旗舰店,武汉,564.97,2,1016.95,37.28,支付宝
SO20250400,2025-06-20,P0015,面膜,美妆个护,京东自营,上海,497.59,1,497.59,198.47,支付宝
SO20250401,2025-05-08,P0023,香薰蜡烛,家居生活,抖音小店,苏州,127.03,1,120.68,108.67,银行卡
SO20250402,2025-01-08,P0006,纯棉 T 恤,服饰鞋包,抖音小店,武汉,310.06,3,837.16,618.72,银行卡
SO20250403,2025-05-08,P0017,咖啡豆,食品生鲜,拼多多,苏州,69.82,5,314.19,369.65,银行卡
SO20250404,2025-04-05,P0002,智能手表,数码家电,京东自营,杭州,409.7,5,1946.07,86.25,支付宝
SO20250405,2025-05-11,P0019,水果拼盘,食品生鲜,天猫旗舰店,北京,545.81,1,518.52,244.73,支付宝
SO20250406,2025-02-08,P0008,双肩背包,服饰鞋包,京东自营,北京,55.87,3,142.47,105.63,花呗
SO20250407,2025-03-11,P0008,双肩背包,服饰鞋包,天猫旗舰店,重庆,271.01,4,1084.04,140.84,银行卡
SO20250408,2025-02-27,P0004,4K 显示器,数码家电,线下门店,北京,411.59,1,391.01,74.73,花呗
SO20250409,2025-03-25,P0003,便携充电宝,数码家电,天猫旗舰店,苏州,704.05,3,2112.15,269.28,花呗
SO20250410,2025-03-19,P0001,无线蓝牙耳机,数码家电,线下门店,深圳,307.76,3,923.28,586.29,花呗
SO20250411,2025-05-20,P0012,防晒霜,美妆个护,京东自营,广州,481.52,4,1829.78,626.2,支付宝
SO20250412,2025-06-12,P0014,洗发水,美妆个护,天猫旗舰店,成都,38.65,5,193.25,338.3,支付宝
SO20250413,2025-02-22,P0025,收纳箱,家居生活,线下门店,深圳,532.7,3,1438.29,862.77,花呗
SO20250414,2025-01-24,P0016,坚果礼盒,食品生鲜,天猫旗舰店,深圳,769.72,2,1539.44,336.06,花呗
SO20250415,2025-05-29,P0023,香薰蜡烛,家居生活,天猫旗舰店,苏州,718.55,4,2586.78,434.68,微信支付
SO20250416,2025-05-26,P0021,记忆枕,家居生活,天猫旗舰店,武汉,659.57,1,659.57,243.69,微信支付
SO20250417,2025-06-29,P0008,双肩背包,服饰鞋包,抖音小店,成都,247.51,3,631.15,105.63,花呗
SO20250418,2025-05-30,P0009,牛仔裤,服饰鞋包,天猫旗舰店,广州,202.22,2,384.22,264.72,支付宝
SO20250419,2025-01-31,P0006,纯棉 T 恤,服饰鞋包,线下门店,成都,370.66,3,945.18,618.72,微信支付
SO20250420,2025-01-24,P0015,面膜,美妆个护,京东自营,杭州,260.48,3,703.3,595.41,支付宝
SO20250421,2025-01-24,P0007,休闲运动鞋,服饰鞋包,京东自营,成都,672.02,3,1915.26,806.19,花呗
SO20250422,2025-02-14,P0017,咖啡豆,食品生鲜,天猫旗舰店,武汉,58.18,3,174.54,221.79,花呗
SO20250423,2025-04-29,P0018,有机牛奶,食品生鲜,天猫旗舰店,广州,603.5,2,1086.3,361.78,支付宝
SO20250424,2025-02-20,P0001,无线蓝牙耳机,数码家电,拼多多,成都,68.1,2,129.39,390.86,支付宝
SO20250425,2025-01-17,P0019,水果拼盘,食品生鲜,京东自营,南京,477.17,1,429.45,244.73,微信支付
SO20250426,2025-01-11,P0003,便携充电宝,数码家电,拼多多,北京,725.96,3,1960.09,269.28,微信支付
SO20250427,2025-01-08,P0019,水果拼盘,食品生鲜,拼多多,武汉,357.86,4,1216.72,978.92,微信支付
SO20250428,2025-03-13,P0012,防晒霜,美妆个护,拼多多,广州,187.48,2,374.96,313.1,支付宝
SO20250429,2025-05-08,P0020,零食大礼包,食品生鲜,拼多多,苏州,502.96,2,1005.92,23.76,花呗
SO20250430,2025-04-18,P0002,智能手表,数码家电,京东自营,苏州,88.42,4,336.0,69.0,微信支付
SO20250431,2025-04-08,P0021,记忆枕,家居生活,抖音小店,南京,795.39,5,3579.26,1218.45,花呗
SO20250432,2025-04-10,P0012,防晒霜,美妆个护,抖音小店,广州,731.89,5,3659.45,782.75,支付宝
SO20250433,2025-01-15,P0011,保湿面霜,美妆个护,拼多多,苏州,485.75,1,485.75,73.41,银行卡
SO20250434,2025-01-26,P0025,收纳箱,家居生活,京东自营,深圳,475.51,2,903.47,575.18,银行卡
SO20250435,2025-05-28,P0018,有机牛奶,食品生鲜,拼多多,成都,656.7,1,623.87,180.89,微信支付
SO20250436,2025-06-01,P0006,纯棉 T 恤,服饰鞋包,天猫旗舰店,成都,204.51,3,613.53,618.72,微信支付
SO20250437,2025-03-21,P0019,水果拼盘,食品生鲜,京东自营,南京,759.73,4,3038.92,978.92,支付宝
SO20250438,2025-01-06,P0003,便携充电宝,数码家电,线下门店,南京,63.81,5,303.1,448.8,支付宝
SO20250439,2025-03-29,P0011,保湿面霜,美妆个护,京东自营,成都,735.96,2,1398.32,146.82,支付宝
SO20250440,2025-05-15,P0001,无线蓝牙耳机,数码家电,抖音小店,上海,135.22,2,243.4,390.86,银行卡
SO20250441,2025-01-26,P0023,香薰蜡烛,家居生活,抖音小店,杭州,754.7,4,3018.8,434.68,银行卡
SO20250442,2025-06-16,P0005,机械键盘,数码家电,抖音小店,广州,781.17,4,2655.98,894.32,银行卡
SO20250443,2025-03-20,P0008,双肩背包,服饰鞋包,抖音小店,广州,539.11,2,916.49,70.42,微信支付
SO20250444,2025-05-26,P0024,四件套,家居生活,天猫旗舰店,广州,21.4,5,90.95,275.45,银行卡
SO20250445,2025-05-08,P0020,零食大礼包,食品生鲜,京东自营,成都,192.3,5,865.35,59.4,支付宝
SO20250446,2025-06-12,P0008,双肩背包,服饰鞋包,天猫旗舰店,成都,290.51,3,827.95,105.63,花呗
SO20250447,2025-03-31,P0001,无线蓝牙耳机,数码家电,抖音小店,上海,226.87,2,408.37,390.86,支付宝
SO20250448,2025-04-16,P0002,智能手表,数码家电,拼多多,武汉,321.03,4,1219.91,69.0,银行卡
SO20250449,2025-06-16,P0018,有机牛奶,食品生鲜,京东自营,广州,312.77,4,1251.08,723.56,花呗
SO20250450,2025-01-06,P0003,便携充电宝,数码家电,抖音小店,杭州,643.37,1,643.37,89.76,支付宝
SO20250451,2025-01-20,P0003,便携充电宝,数码家电,线下门店,上海,286.61,4,1089.12,359.04,银行卡
SO20250452,2025-04-21,P0020,零食大礼包,食品生鲜,京东自营,重庆,788.52,4,2838.67,47.52,花呗
SO20250453,2025-02-18,P0006,纯棉 T 恤,服饰鞋包,拼多多,苏州,61.77,3,176.04,618.72,银行卡
SO20250454,2025-01-13,P0022,保温杯,家居生活,拼多多,重庆,239.59,2,431.26,424.92,花呗
SO20250455,2025-01-23,P0005,机械键盘,数码家电,抖音小店,重庆,62.51,1,53.13,223.58,花呗
SO20250456,2025-06-13,P0007,休闲运动鞋,服饰鞋包,抖音小店,上海,95.65,2,181.74,537.46,花呗
SO20250457,2025-05-06,P0004,4K 显示器,数码家电,抖音小店,上海,260.52,4,885.77,298.92,花呗
SO20250458,2025-02-17,P0006,纯棉 T 恤,服饰鞋包,拼多多,北京,309.4,4,1237.6,824.96,银行卡
SO20250459,2025-05-25,P0015,面膜,美妆个护,天猫旗舰店,广州,382.75,2,765.5,396.94,支付宝
SO20250460,2025-05-31,P0003,便携充电宝,数码家电,京东自营,苏州,541.15,5,2299.89,448.8,支付宝
SO20250461,2025-06-25,P0013,电动牙刷,美妆个护,拼多多,重庆,658.36,4,2633.44,70.8,微信支付
SO20250462,2025-05-09,P0016,坚果礼盒,食品生鲜,线下门店,苏州,253.1,4,911.16,672.12,微信支付
SO20250463,2025-02-12,P0004,4K 显示器,数码家电,京东自营,深圳,760.42,4,2889.6,298.92,微信支付
SO20250464,2025-06-10,P0002,智能手表,数码家电,京东自营,重庆,350.23,4,1330.87,69.0,银行卡
SO20250465,2025-04-10,P0011,保湿面霜,美妆个护,线下门店,武汉,730.43,1,657.39,73.41,银行卡
SO20250466,2025-05-31,P0009,牛仔裤,服饰鞋包,线下门店,武汉,425.36,1,425.36,132.36,支付宝
SO20250467,2025-05-30,P0014,洗发水,美妆个护,天猫旗舰店,上海,136.72,5,683.6,338.3,支付宝
SO20250468,2025-03-09,P0010,羽绒服,服饰鞋包,拼多多,南京,696.63,3,1776.41,55.92,花呗
SO20250469,2025-06-08,P0002,智能手表,数码家电,线下门店,武汉,154.32,4,586.42,69.0,支付宝
SO20250470,2025-01-13,P0013,电动牙刷,美妆个护,拼多多,杭州,713.87,3,2034.53,53.1,银行卡
SO20250471,2025-03-13,P0001,无线蓝牙耳机,数码家电,拼多多,上海,283.54,3,850.62,586.29,微信支付
SO20250472,2025-03-10,P0005,机械键盘,数码家电,拼多多,重庆,254.37,4,1017.48,894.32,支付宝
SO20250473,2025-05-13,P0007,休闲运动鞋,服饰鞋包,抖音小店,北京,364.54,4,1239.44,1074.92,微信支付
SO20250474,2025-02-04,P0003,便携充电宝,数码家电,线下门店,重庆,262.68,5,1116.39,448.8,支付宝
SO20250475,2025-03-05,P0006,纯棉 T 恤,服饰鞋包,天猫旗舰店,南京,170.36,2,306.65,412.48,支付宝
SO20250476,2025-04-29,P0012,防晒霜,美妆个护,线下门店,武汉,569.61,3,1708.83,469.65,支付宝
SO20250477,2025-06-02,P0022,保温杯,家居生活,拼多多,广州,43.84,3,111.79,637.38,花呗
SO20250478,2025-03-08,P0019,水果拼盘,食品生鲜,天猫旗舰店,杭州,450.04,3,1282.61,734.19,支付宝
SO20250479,2025-02-26,P0013,电动牙刷,美妆个护,京东自营,深圳,58.73,5,278.97,88.5,银行卡
SO20250480,2025-05-02,P0021,记忆枕,家居生活,京东自营,广州,339.42,1,305.48,243.69,支付宝
SO20250481,2025-04-19,P0008,双肩背包,服饰鞋包,拼多多,成都,216.86,3,650.58,105.63,花呗
SO20250482,2025-06-09,P0009,牛仔裤,服饰鞋包,拼多多,重庆,190.2,3,570.6,397.08,支付宝
SO20250483,2025-06-15,P0001,无线蓝牙耳机,数码家电,线下门店,重庆,418.98,3,1256.94,586.29,银行卡
SO20250484,2025-03-28,P0010,羽绒服,服饰鞋包,抖音小店,成都,553.84,4,1993.82,74.56,银行卡
SO20250485,2025-02-08,P0009,牛仔裤,服饰鞋包,线下门店,深圳,531.77,3,1515.54,397.08,支付宝
SO20250486,2025-01-07,P0020,零食大礼包,食品生鲜,拼多多,杭州,335.2,3,955.32,35.64,银行卡
SO20250487,2025-05-27,P0014,洗发水,美妆个护,京东自营,成都,335.59,1,335.59,67.66,微信支付
SO20250488,2025-05-10,P0022,保温杯,家居生活,抖音小店,广州,437.02,4,1748.08,849.84,微信支付
SO20250489,2025-05-24,P0010,羽绒服,服饰鞋包,京东自营,成都,96.13,2,192.26,37.28,支付宝
SO20250490,2025-03-26,P0008,双肩背包,服饰鞋包,抖音小店,杭州,297.12,3,757.66,105.63,银行卡
SO20250491,2025-06-12,P0015,面膜,美妆个护,线下门店,重庆,683.95,4,2462.22,793.88,支付宝
SO20250492,2025-06-24,P0016,坚果礼盒,食品生鲜,拼多多,苏州,713.75,5,3211.88,840.15,银行卡
SO20250493,2025-02-21,P0014,洗发水,美妆个护,抖音小店,武汉,62.17,2,118.12,135.32,花呗
SO20250494,2025-05-05,P0005,机械键盘,数码家电,抖音小店,广州,266.78,2,480.2,447.16,银行卡
SO20250495,2025-02-23,P0021,记忆枕,家居生活,京东自营,重庆,65.25,4,261.0,974.76,微信支付
SO20250496,2025-06-07,P0016,坚果礼盒,食品生鲜,拼多多,武汉,632.46,1,600.84,168.03,花呗
SO20250497,2025-01-10,P0014,洗发水,美妆个护,线下门店,深圳,772.96,4,2782.66,270.64,银行卡
SO20250498,2025-01-05,P0001,无线蓝牙耳机,数码家电,天猫旗舰店,深圳,715.76,5,3399.86,977.15,微信支付
SO20250499,2025-01-27,P0023,香薰蜡烛,家居生活,拼多多,苏州,704.05,3,2006.54,326.01,银行卡
SO20250500,2025-03-16,P0006,纯棉 T 恤,服饰鞋包,拼多多,苏州,70.92,1,70.92,206.24,银行卡
SO20250501,2025-05-06,P0014,洗发水,美妆个护,抖音小店,深圳,712.62,2,1425.24,135.32,微信支付
SO20250502,2025-02-24,P0013,电动牙刷,美妆个护,天猫旗舰店,重庆,34.92,2,66.35,35.4,微信支付
SO20250503,2025-06-13,P0004,4K 显示器,数码家电,抖音小店,苏州,305.94,1,260.05,74.73,支付宝
SO20250504,2025-01-13,P0020,零食大礼包,食品生鲜,天猫旗舰店,武汉,795.85,1,716.26,11.88,花呗
SO20250505,2025-06-29,P0013,电动牙刷,美妆个护,京东自营,深圳,116.4,3,296.82,53.1,支付宝
SO20250506,2025-03-11,P0010,羽绒服,服饰鞋包,线下门店,重庆,348.28,1,348.28,18.64,微信支付
SO20250507,2025-06-08,P0014,洗发水,美妆个护,天猫旗舰店,杭州,667.91,1,667.91,67.66,支付宝
SO20250508,2025-03-09,P0004,4K 显示器,数码家电,线下门店,深圳,408.24,5,1939.14,373.65,银行卡
SO20250509,2025-05-21,P0023,香薰蜡烛,家居生活,拼多多,深圳,339.61,2,611.3,217.34,花呗
SO20250510,2025-01-29,P0011,保湿面霜,美妆个护,线下门店,南京,202.91,1,182.62,73.41,微信支付
SO20250511,2025-03-07,P0003,便携充电宝,数码家电,京东自营,南京,628.03,1,565.23,89.76,银行卡
SO20250512,2025-01-11,P0009,牛仔裤,服饰鞋包,抖音小店,成都,382.14,1,363.03,132.36,银行卡
SO20250513,2025-01-03,P0014,洗发水,美妆个护,京东自营,广州,596.06,1,536.45,67.66,银行卡
SO20250514,2025-01-24,P0012,防晒霜,美妆个护,抖音小店,成都,717.73,5,3588.65,782.75,微信支付
SO20250515,2025-04-09,P0004,4K 显示器,数码家电,拼多多,武汉,332.61,4,1330.44,298.92,微信支付
SO20250516,2025-01-27,P0004,4K 显示器,数码家电,拼多多,重庆,123.36,1,117.19,74.73,花呗
SO20250517,2025-04-08,P0019,水果拼盘,食品生鲜,抖音小店,重庆,549.15,2,1098.3,489.46,支付宝
SO20250518,2025-05-05,P0022,保温杯,家居生活,天猫旗舰店,武汉,706.36,2,1200.81,424.92,花呗
SO20250519,2025-06-30,P0002,智能手表,数码家电,线下门店,重庆,69.4,3,187.38,51.75,微信支付
SO20250520,2025-06-26,P0022,保温杯,家居生活,线下门店,上海,701.05,5,3505.25,1062.3,花呗
SO20250521,2025-06-19,P0022,保温杯,家居生活,拼多多,广州,586.79,4,2347.16,849.84,支付宝
SO20250522,2025-05-01,P0001,无线蓝牙耳机,数码家电,拼多多,广州,521.85,2,1043.7,390.86,支付宝
SO20250523,2025-03-13,P0025,收纳箱,家居生活,天猫旗舰店,苏州,403.49,2,806.98,575.18,微信支付
SO20250524,2025-01-21,P0018,有机牛奶,食品生鲜,拼多多,南京,521.79,4,1982.8,723.56,花呗
SO20250525,2025-01-31,P0003,便携充电宝,数码家电,拼多多,北京,688.14,4,2752.56,359.04,支付宝
SO20250526,2025-01-01,P0013,电动牙刷,美妆个护,天猫旗舰店,重庆,341.62,5,1708.1,88.5,银行卡
SO20250527,2025-04-04,P0017,咖啡豆,食品生鲜,天猫旗舰店,深圳,458.62,4,1834.48,295.72,花呗
SO20250528,2025-05-02,P0011,保湿面霜,美妆个护,抖音小店,南京,456.92,5,2284.6,367.05,支付宝
SO20250529,2025-03-29,P0004,4K 显示器,数码家电,抖音小店,杭州,612.27,2,1102.09,149.46,银行卡
SO20250530,2025-02-05,P0023,香薰蜡烛,家居生活,拼多多,上海,102.93,2,174.98,217.34,银行卡
SO20250531,2025-02-25,P0020,零食大礼包,食品生鲜,拼多多,深圳,172.82,1,146.9,11.88,银行卡
SO20250532,2025-02-01,P0004,4K 显示器,数码家电,拼多多,南京,610.58,1,610.58,74.73,微信支付
SO20250533,2025-04-21,P0016,坚果礼盒,食品生鲜,线下门店,南京,23.38,1,23.38,168.03,微信支付
SO20250534,2025-04-10,P0023,香薰蜡烛,家居生活,线下门店,重庆,471.27,2,848.29,217.34,银行卡
SO20250535,2025-06-27,P0017,咖啡豆,食品生鲜,京东自营,杭州,707.48,4,2829.92,295.72,花呗
SO20250536,2025-02-05,P0011,保湿面霜,美妆个护,拼多多,重庆,776.98,4,2952.52,293.64,银行卡
SO20250537,2025-06-11,P0023,香薰蜡烛,家居生活,京东自营,深圳,447.29,3,1341.87,326.01,微信支付
SO20250538,2025-06-16,P0020,零食大礼包,食品生鲜,京东自营,苏州,577.22,3,1645.08,35.64,银行卡
SO20250539,2025-05-03,P0023,香薰蜡烛,家居生活,线下门店,重庆,110.02,3,330.06,326.01,花呗
SO20250540,2025-04-19,P0022,保温杯,家居生活,天猫旗舰店,苏州,603.34,5,3016.7,1062.3,支付宝
SO20250541,2025-02-21,P0001,无线蓝牙耳机,数码家电,抖音小店,广州,317.08,1,285.37,195.43,银行卡
SO20250542,2025-02-22,P0022,保温杯,家居生活,线下门店,北京,215.44,1,215.44,212.46,银行卡
SO20250543,2025-06-15,P0015,面膜,美妆个护,线下门店,武汉,99.93,5,474.67,992.35,微信支付
SO20250544,2025-04-08,P0017,咖啡豆,食品生鲜,拼多多,武汉,631.76,3,1705.75,221.79,银行卡
SO20250545,2025-06-08,P0018,有机牛奶,食品生鲜,拼多多,深圳,61.97,3,176.61,542.67,银行卡
SO20250546,2025-02-19,P0025,收纳箱,家居生活,抖音小店,南京,478.94,5,2274.96,1437.95,微信支付
SO20250547,2025-01-31,P0022,保温杯,家居生活,拼多多,北京,78.09,2,156.18,424.92,花呗
SO20250548,2025-05-30,P0009,牛仔裤,服饰鞋包,抖音小店,北京,454.15,2,862.88,264.72,银行卡
SO20250549,2025-02-09,P0015,面膜,美妆个护,抖音小店,重庆,573.56,2,1032.41,396.94,支付宝
SO20250550,2025-05-06,P0025,收纳箱,家居生活,线下门店,苏州,747.26,5,3736.3,1437.95,银行卡
SO20250551,2025-02-26,P0003,便携充电宝,数码家电,京东自营,苏州,631.54,3,1894.62,269.28,支付宝
SO20250552,2025-04-14,P0017,咖啡豆,食品生鲜,天猫旗舰店,成都,144.31,5,721.55,369.65,微信支付
SO20250553,2025-03-17,P0007,休闲运动鞋,服饰鞋包,京东自营,重庆,537.4,3,1612.2,806.19,花呗
SO20250554,2025-06-21,P0018,有机牛奶,食品生鲜,抖音小店,南京,662.48,1,596.23,180.89,微信支付
SO20250555,2025-01-11,P0021,记忆枕,家居生活,抖音小店,武汉,498.69,5,2368.78,1218.45,支付宝
SO20250556,2025-05-13,P0013,电动牙刷,美妆个护,抖音小店,苏州,220.14,3,594.38,53.1,花呗
SO20250557,2025-05-12,P0016,坚果礼盒,食品生鲜,天猫旗舰店,上海,54.2,2,108.4,336.06,微信支付
SO20250558,2025-02-23,P0025,收纳箱,家居生活,京东自营,武汉,439.62,1,395.66,287.59,支付宝
SO20250559,2025-06-25,P0007,休闲运动鞋,服饰鞋包,京东自营,北京,439.45,4,1582.02,1074.92,花呗
SO20250560,2025-01-14,P0023,香薰蜡烛,家居生活,京东自营,杭州,278.74,1,250.87,108.67,支付宝
SO20250561,2025-04-10,P0019,水果拼盘,食品生鲜,拼多多,武汉,660.86,3,1685.19,734.19,花呗
SO20250562,2025-01-02,P0011,保湿面霜,美妆个护,线下门店,上海,33.17,1,33.17,73.41,支付宝
SO20250563,2025-01-28,P0023,香薰蜡烛,家居生活,抖音小店,杭州,681.64,3,2044.92,326.01,支付宝
SO20250564,2025-04-12,P0010,羽绒服,服饰鞋包,天猫旗舰店,南京,616.91,4,2097.49,74.56,微信支付
SO20250565,2025-03-17,P0018,有机牛奶,食品生鲜,京东自营,杭州,191.5,4,766.0,723.56,银行卡
SO20250566,2025-02-01,P0001,无线蓝牙耳机,数码家电,天猫旗舰店,北京,451.75,5,2145.81,977.15,花呗
SO20250567,2025-02-23,P0018,有机牛奶,食品生鲜,抖音小店,深圳,447.07,1,447.07,180.89,花呗
SO20250568,2025-02-17,P0021,记忆枕,家居生活,京东自营,重庆,684.14,2,1299.87,487.38,银行卡
SO20250569,2025-05-21,P0007,休闲运动鞋,服饰鞋包,拼多多,苏州,109.41,5,492.34,1343.65,支付宝
SO20250570,2025-02-20,P0010,羽绒服,服饰鞋包,线下门店,南京,543.91,3,1468.56,55.92,银行卡
SO20250571,2025-03-14,P0012,防晒霜,美妆个护,线下门店,上海,120.01,2,216.02,313.1,微信支付
SO20250572,2025-06-18,P0011,保湿面霜,美妆个护,抖音小店,重庆,398.97,3,1196.91,220.23,微信支付
SO20250573,2025-02-13,P0019,水果拼盘,食品生鲜,天猫旗舰店,成都,462.15,3,1178.48,734.19,微信支付
SO20250574,2025-04-03,P0008,双肩背包,服饰鞋包,京东自营,成都,575.52,4,2302.08,140.84,花呗
SO20250575,2025-05-22,P0015,面膜,美妆个护,天猫旗舰店,广州,367.38,3,936.82,595.41,支付宝
SO20250576,2025-02-20,P0009,牛仔裤,服饰鞋包,抖音小店,上海,689.8,2,1379.6,264.72,支付宝
SO20250577,2025-05-29,P0001,无线蓝牙耳机,数码家电,拼多多,重庆,682.68,1,682.68,195.43,微信支付
SO20250578,2025-05-01,P0002,智能手表,数码家电,京东自营,成都,450.24,5,2251.2,86.25,花呗
SO20250579,2025-02-04,P0008,双肩背包,服饰鞋包,拼多多,苏州,715.32,5,3576.6,176.05,支付宝
SO20250580,2025-06-07,P0013,电动牙刷,美妆个护,京东自营,苏州,303.82,1,288.63,17.7,微信支付
SO20250581,2025-06-18,P0015,面膜,美妆个护,京东自营,南京,144.19,5,720.95,992.35,银行卡
SO20250582,2025-01-17,P0002,智能手表,数码家电,抖音小店,成都,190.68,4,724.58,69.0,微信支付
SO20250583,2025-04-10,P0002,智能手表,数码家电,拼多多,南京,541.5,5,2707.5,86.25,支付宝
SO20250584,2025-06-30,P0002,智能手表,数码家电,线下门店,杭州,784.86,3,2119.12,51.75,银行卡
SO20250585,2025-06-17,P0019,水果拼盘,食品生鲜,拼多多,成都,444.59,2,755.8,489.46,支付宝
SO20250586,2025-04-14,P0017,咖啡豆,食品生鲜,抖音小店,成都,216.24,2,432.48,147.86,花呗
SO20250587,2025-02-05,P0016,坚果礼盒,食品生鲜,拼多多,广州,711.99,1,711.99,168.03,微信支付
SO20250588,2025-02-08,P0003,便携充电宝,数码家电,京东自营,广州,421.34,3,1200.82,269.28,银行卡
SO20250589,2025-04-17,P0020,零食大礼包,食品生鲜,抖音小店,上海,579.5,1,550.52,11.88,花呗
SO20250590,2025-02-11,P0022,保温杯,家居生活,拼多多,北京,393.48,2,786.96,424.92,微信支付
SO20250591,2025-02-04,P0002,智能手表,数码家电,线下门店,北京,119.75,5,568.81,86.25,微信支付
SO20250592,2025-04-14,P0002,智能手表,数码家电,线下门店,重庆,149.75,2,299.5,34.5,支付宝
SO20250593,2025-02-25,P0024,四件套,家居生活,拼多多,重庆,587.82,3,1587.11,165.27,花呗
SO20250594,2025-02-06,P0016,坚果礼盒,食品生鲜,线下门店,广州,153.04,4,612.16,672.12,银行卡
SO20250595,2025-06-02,P0006,纯棉 T 恤,服饰鞋包,线下门店,上海,584.87,3,1491.42,618.72,微信支付
SO20250596,2025-02-21,P0013,电动牙刷,美妆个护,线下门店,苏州,320.66,1,288.59,17.7,花呗
SO20250597,2025-06-07,P0005,机械键盘,数码家电,线下门店,北京,492.3,2,836.91,447.16,支付宝
SO20250598,2025-05-19,P0003,便携充电宝,数码家电,天猫旗舰店,武汉,396.15,2,792.3,179.52,花呗
SO20250599,2025-02-28,P0012,防晒霜,美妆个护,拼多多,武汉,702.36,5,2985.03,782.75,银行卡
